order,brand,title,imgurl,price,off,category
1,g1,【官方授权 正品保障】珀莱雅水动力保湿套装 补水滋润修护提亮,img/g1.jpg,80,3.4,童装
2,g2,卡姿兰丝滑无瑕BB霜裸妆遮瑕补水强保湿控油,img/g2.jpg,32,4.5,童装
3,g3,【补水保湿 睡眠面膜】兰芝面部护理夜间睡眠面膜70ml补水保湿美白免洗式睡眠面膜,img/g3.jpg,34,5.6,童装
4,g4,【买2送1】抖音同款碎发神器小碎发整理膏碎发膏防毛躁清爽不油腻,img/g4.jpg,556,6.7,童装
5,g5,【官方授权 正品保障】珀莱雅水动力保湿套装 补水滋润修护提亮,img/g5.jpg,38,7.8,童装
6,g6,【领券减20元】自然堂雪域护肤化妆品套装清爽补水保湿官网正品,img/g6.jpg,545,8.9,童装
7,g7,【28片装 一套深补水】膜法世家玻尿酸保湿补水面膜贴25g*28片护肤品套装,img/g7.jpg,42,2.1,童装
8,g8,【买1送1 加化妆镜】瑜然美口红保湿不易脱色唇膏 孕妇可用 保湿滋润防水不易沾杯,img/g8.jpg,344,5.6,童装
9,g9,御泥坊清透莹润面膜21片（插画版） 补水保湿 清透莹润,img/g9.jpg,46,2.3,母婴
10,g10,【领券减20元】自然堂雪域护肤化妆品套装清爽补水保湿官网正品,img/g10.jpg,342,1.9,母婴
11,g11,卡姿兰丝滑无瑕BB霜裸妆遮瑕补水强保湿控油,img/g11.jpg,34,2.7,母婴
12,g12,【领券减22元】自然堂雪域护肤化妆品套装清爽补水保湿官网正品,img/g12.jpg,432,3.5,母婴
13,g13,力士沐浴露薰衣草精油香氛幽莲魅肤男女士沐浴乳1000ml+350ml 持续留香,img/g13.jpg,434,4.3,母婴
14,g14,【领券减24元】自然堂雪域护肤化妆品套装清爽补水保湿官网正品,img/g14.jpg,545,5.1,母婴
15,g15,【领券减25元】自然堂雪域护肤化妆品套装清爽补水保湿官网正品,img/g15.jpg,78,5.9,母婴
16,g16,力士沐浴露薰衣草精油香氛幽莲魅肤男女士沐浴乳1000ml+350ml 持续留香,img/g16.jpg,54,6.7,母婴
17,g17,【补水保湿 睡眠面膜】兰芝面部护理夜间睡眠面膜70ml补水保湿美白免洗式睡眠面膜,img/g17.jpg,98,7.5,居家
18,g18,力士沐浴露薰衣草精油香氛幽莲魅肤男女士沐浴乳1000ml+352ml 持续留香,img/g18.jpg,142,3.4,居家
19,g19,力士沐浴露薰衣草精油香氛幽莲魅肤男女士沐浴乳1000ml+353ml 持续留香,img/g19.jpg,186,4.3,居家
20,g20,【买2送1】抖音同款碎发神器小碎发整理膏碎发膏防毛躁清爽不油腻,img/g20.jpg,230,5.2,居家
21,g21,力士沐浴露薰衣草精油香氛幽莲魅肤男女士沐浴乳1000ml+355ml 持续留香,img/g21.jpg,274,6.1,居家
22,g22,【领券减21元】自然堂雪域护肤化妆品套装清爽补水保湿官网正品,img/g22.jpg,232,7,居家
23,g23,力士沐浴露薰衣草精油香氛幽莲魅肤男女士沐浴乳1000ml+357ml 持续留香,img/g23.jpg,78,3.4,居家
24,g24,力士沐浴露薰衣草精油香氛幽莲魅肤男女士沐浴乳1000ml+358ml 持续留香,img/g24.jpg,67,5.6,居家
25,g25,力士沐浴露薰衣草精油香氛幽莲魅肤男女士沐浴乳1000ml+359ml 持续留香,img/g25.jpg,857,7.8,美食
26,g26,【领券减24元】自然堂雪域护肤化妆品套装清爽补水保湿官网正品,img/g26.jpg,45,6.5,美食
27,g27,【领券减21元】自然堂雪域护肤化妆品套装清爽补水保湿官网正品,img/g27.jpg,756,2.2,美食
28,g28,【补水保湿 睡眠面膜】兰芝面部护理夜间睡眠面膜70ml补水保湿美白免洗式睡眠面膜,img/g28.jpg,757,3.2,美食
29,g29,力士沐浴露薰衣草精油香氛幽莲魅肤男女士沐浴乳1000ml+353ml 持续留香,img/g29.jpg,758,4.2,美食
30,g30,【补水保湿 睡眠面膜】兰芝面部护理夜间睡眠面膜75ml补水保湿美白免洗式睡眠面膜,img/g30.jpg,759,5.2,美食
31,g31,【领券减22元】自然堂雪域护肤化妆品套装清爽补水保湿官网正品,img/g31.jpg,760,6.2,美食
32,g32,【补水保湿 睡眠面膜】兰芝面部护理夜间睡眠面膜74ml补水保湿美白免洗式睡眠面膜,img/g32.jpg,761,7.2,美食
33,g33,【领券减25元】自然堂雪域护肤化妆品套装清爽补水保湿官网正品,img/g33.jpg,762,8.2,女装
34,g34,【补水保湿 睡眠面膜】兰芝面部护理夜间睡眠面膜76ml补水保湿美白免洗式睡眠面膜,img/g34.jpg,34,4.4,女装
35,g35,【补水保湿 睡眠面膜】兰芝面部护理夜间睡眠面膜77ml补水保湿美白免洗式睡眠面膜,img/g35.jpg,35,5.4,女装
36,g36,【领券减22元】自然堂雪域护肤化妆品套装清爽补水保湿官网正品,img/g36.jpg,36,6.4,女装
37,g37,力士沐浴露薰衣草精油香氛幽莲魅肤男女士沐浴乳1000ml+355ml 持续留香,img/g37.jpg,37,7.4,女装
38,g38,【领券减24元】自然堂雪域护肤化妆品套装清爽补水保湿官网正品,img/g38.jpg,38,8.4,女装
39,g39,【补水保湿 睡眠面膜】兰芝面部护理夜间睡眠面膜77ml补水保湿美白免洗式睡眠面膜,img/g39.jpg,39,9.4,女装
40,g40,【领券减26元】自然堂雪域护肤化妆品套装清爽补水保湿官网正品,img/g40.jpg,323,1.2,女装
41,g41,【领券减27元】自然堂雪域护肤化妆品套装清爽补水保湿官网正品,img/g41.jpg,324,2.2,鞋包
42,g42,【28片装 一套深补水】膜法世家玻尿酸保湿补水面膜贴25g*28片护肤品套装,img/g42.jpg,325,3.2,鞋包
43,g43,【领券减22元】自然堂雪域护肤化妆品套装清爽补水保湿官网正品,img/g43.jpg,326,4.2,鞋包
44,g44,【买2送2】抖音同款碎发神器小碎发整理膏碎发膏防毛躁清爽不油腻,img/g44.jpg,327,5.2,鞋包
45,g45,【买2送3】抖音同款碎发神器小碎发整理膏碎发膏防毛躁清爽不油腻,img/g45.jpg,343,6.2,鞋包
46,g46,【补水保湿 睡眠面膜】兰芝面部护理夜间睡眠面膜70ml补水保湿美白免洗式睡眠面膜,img/g46.jpg,23,7.2,鞋包
47,g47,【买2送5】抖音同款碎发神器小碎发整理膏碎发膏防毛躁清爽不油腻,img/g47.jpg,24,4.4,鞋包
48,g48,【买2送6】抖音同款碎发神器小碎发整理膏碎发膏防毛躁清爽不油腻,img/g48.jpg,25,5.4,鞋包
49,g49,【补水保湿 睡眠面膜】兰芝面部护理夜间睡眠面膜75ml补水保湿美白免洗式睡眠面膜,img/g49.jpg,26,6.4,美妆
50,g50,【买2送8】抖音同款碎发神器小碎发整理膏碎发膏防毛躁清爽不油腻,img/g50.jpg,27,7.4,美妆
51,g51,【买2送9】抖音同款碎发神器小碎发整理膏碎发膏防毛躁清爽不油腻,img/g51.jpg,28,3.4,美妆
52,g52,【补水保湿 睡眠面膜】兰芝面部护理夜间睡眠面膜77ml补水保湿美白免洗式睡眠面膜,img/g52.jpg,29,4.4,美妆
53,g53,【补水保湿 睡眠面膜】兰芝面部护理夜间睡眠面膜78ml补水保湿美白免洗式睡眠面膜,img/g53.jpg,56,5.4,美妆
54,g54,【补水保湿 睡眠面膜】兰芝面部护理夜间睡眠面膜79ml补水保湿美白免洗式睡眠面膜,img/g54.jpg,57,6.4,美妆
55,g55,【补水保湿 睡眠面膜】兰芝面部护理夜间睡眠面膜80ml补水保湿美白免洗式睡眠面膜,img/g55.jpg,58,7.4,美妆
56,g56,【补水保湿 睡眠面膜】兰芝面部护理夜间睡眠面膜81ml补水保湿美白免洗式睡眠面膜,img/g56.jpg,59,8.4,美妆
57,g57,【买2送2】抖音同款碎发神器小碎发整理膏碎发膏防毛躁清爽不油腻,img/g57.jpg,60,9.4,奶粉
58,g58,【买2送3】抖音同款碎发神器小碎发整理膏碎发膏防毛躁清爽不油腻,img/g58.jpg,61,2.3,奶粉
59,g59,卡姿兰丝滑无瑕BB霜裸妆遮瑕补水强保湿控油,img/g59.jpg,62,3.3,奶粉
60,g60,卡姿兰丝滑无瑕BB霜裸妆遮瑕补水强保湿控油,img/g60.jpg,63,4.3,奶粉
61,g61,卡姿兰丝滑无瑕BB霜裸妆遮瑕补水强保湿控油,img/g61.jpg,64,5.3,奶粉
62,g62,卡姿兰丝滑无瑕BB霜裸妆遮瑕补水强保湿控油,img/g62.jpg,65,6.3,奶粉
63,g63,【领券减22元】自然堂雪域护肤化妆品套装清爽补水保湿官网正品,img/g63.jpg,66,7.3,奶粉
64,g64,【领券减23元】自然堂雪域护肤化妆品套装清爽补水保湿官网正品,img/g64.jpg,576,8.3,奶粉
65,g65,【领券减24元】自然堂雪域护肤化妆品套装清爽补水保湿官网正品,img/g65.jpg,577,9.3,纸尿裤
66,g66,【领券减25元】自然堂雪域护肤化妆品套装清爽补水保湿官网正品,img/g66.jpg,578,2.6,纸尿裤
67,g67,【领券减26元】自然堂雪域护肤化妆品套装清爽补水保湿官网正品,img/g67.jpg,579,3.6,纸尿裤
68,g68,【领券减27元】自然堂雪域护肤化妆品套装清爽补水保湿官网正品,img/g68.jpg,580,4.6,纸尿裤
69,g69,【领券减28元】自然堂雪域护肤化妆品套装清爽补水保湿官网正品,img/g69.jpg,581,5.6,纸尿裤
70,g70,【领券减29元】自然堂雪域护肤化妆品套装清爽补水保湿官网正品,img/g70.jpg,582,6.6,纸尿裤
71,g71,【领券减30元】自然堂雪域护肤化妆品套装清爽补水保湿官网正品,img/g71.jpg,583,7.6,纸尿裤
72,g72,【领券减25元】自然堂雪域护肤化妆品套装清爽补水保湿官网正品,img/g72.jpg,584,8.6,纸尿裤
