idx,title,imgurl,price,off
g1,【官方授权 正品保障】珀莱雅水动力保湿套装 补水滋润修护提亮,img/g1.jpg,80,3.4
g2,卡姿兰丝滑无瑕BB霜裸妆遮瑕补水强保湿控油,img/g2.jpg,32,4.5
g3,【补水保湿 睡眠面膜】兰芝面部护理夜间睡眠面膜70ml补水保湿美白免洗式睡眠面膜,img/g3.jpg,34,5.6
g4,【买2送1】抖音同款碎发神器小碎发整理膏碎发膏防毛躁清爽不油腻,img/g4.jpg,556,6.7
g5,【官方授权 正品保障】珀莱雅水动力保湿套装 补水滋润修护提亮,img/g5.jpg,38,7.8
g6,【领券减20元】自然堂雪域护肤化妆品套装清爽补水保湿官网正品,img/g6.jpg,545,8.9
g7,【28片装 一套深补水】膜法世家玻尿酸保湿补水面膜贴25g*28片护肤品套装,img/g7.jpg,42,2.1
g8,【买1送1 加化妆镜】瑜然美口红保湿不易脱色唇膏 孕妇可用 保湿滋润防水不易沾杯,img/g8.jpg,344,5.6
g9,御泥坊清透莹润面膜21片（插画版） 补水保湿 清透莹润,img/g9.jpg,46,2.3
g10,【领券减20元】自然堂雪域护肤化妆品套装清爽补水保湿官网正品,img/g10.jpg,342,1.9
g11,卡姿兰丝滑无瑕BB霜裸妆遮瑕补水强保湿控油,img/g11.jpg,34,2.7
g12,【领券减22元】自然堂雪域护肤化妆品套装清爽补水保湿官网正品,img/g12.jpg,432,3.5
g13,力士沐浴露薰衣草精油香氛幽莲魅肤男女士沐浴乳1000ml+350ml 持续留香,img/g13.jpg,434,4.3
g14,【领券减24元】自然堂雪域护肤化妆品套装清爽补水保湿官网正品,img/g14.jpg,545,5.1
g15,【领券减25元】自然堂雪域护肤化妆品套装清爽补水保湿官网正品,img/g15.jpg,78,5.9
g16,力士沐浴露薰衣草精油香氛幽莲魅肤男女士沐浴乳1000ml+350ml 持续留香,img/g16.jpg,54,6.7
g17,【补水保湿 睡眠面膜】兰芝面部护理夜间睡眠面膜70ml补水保湿美白免洗式睡眠面膜,img/g17.jpg,98,7.5
g18,力士沐浴露薰衣草精油香氛幽莲魅肤男女士沐浴乳1000ml+352ml 持续留香,img/g18.jpg,142,3.4
g19,力士沐浴露薰衣草精油香氛幽莲魅肤男女士沐浴乳1000ml+353ml 持续留香,img/g19.jpg,186,4.3
g20,【买2送1】抖音同款碎发神器小碎发整理膏碎发膏防毛躁清爽不油腻,img/g20.jpg,230,5.2
g21,力士沐浴露薰衣草精油香氛幽莲魅肤男女士沐浴乳1000ml+355ml 持续留香,img/g21.jpg,274,6.1
g22,【领券减21元】自然堂雪域护肤化妆品套装清爽补水保湿官网正品,img/g22.jpg,232,7
g23,力士沐浴露薰衣草精油香氛幽莲魅肤男女士沐浴乳1000ml+357ml 持续留香,img/g23.jpg,78,3.4
g24,力士沐浴露薰衣草精油香氛幽莲魅肤男女士沐浴乳1000ml+358ml 持续留香,img/g24.jpg,67,5.6
g25,力士沐浴露薰衣草精油香氛幽莲魅肤男女士沐浴乳1000ml+359ml 持续留香,img/g25.jpg,857,7.8
g26,【领券减24元】自然堂雪域护肤化妆品套装清爽补水保湿官网正品,img/g26.jpg,45,6.5
g27,【领券减21元】自然堂雪域护肤化妆品套装清爽补水保湿官网正品,img/g27.jpg,756,2.2
